City,Lat,Lng,Max Temp,Humidity,Cloudiness,Wind Speed,Country,Date
Upernavik,72.7868,-56.1549,-10.77,95,100,4.38,GL,2022-02-14 18:27:59
Jamestown,42.097,-79.2353,18.01,47,100,14.97,US,2022-02-14 18:28:00
Avarua,-21.2078,-159.775,77.05,88,100,10.36,CK,2022-02-14 18:28:00
Rikitea,-23.1203,-134.9692,78.24,68,63,9.71,PF,2022-02-14 18:29:49
Erenhot,43.6475,111.9767,-6.25,84,97,6.35,CN,2022-02-14 18:29:50
College,64.8569,-147.8028,-4.77,77,99,4.63,US,2022-02-14 18:29:51
Bredasdorp,-34.5322,20.0403,70.29,73,50,21.85,ZA,2022-02-14 18:29:51
Hofn,64.2539,-15.2082,33.82,69,75,17.27,IS,2022-02-14 18:29:52
Bengkulu,-3.8004,102.2655,75.99,87,81,3.71,ID,2022-02-14 18:29:16
Hami,42.8,93.45,27.93,43,20,3.44,CN,2022-02-14 18:29:53
Sitka,57.0531,-135.33,39.09,87,100,3.44,US,2022-02-14 18:29:54
Maniitsoq,65.4167,-52.9,0.84,86,100,5.7,GL,2022-02-14 18:29:55
Albany,42.6001,-73.9662,18.55,36,35,4.0,US,2022-02-14 18:24:58
Alexandria,31.2156,29.9553,57.7,71,10,11.21,EG,2022-02-14 18:29:20
Oktyabrskiy,54.4815,53.471,16.57,94,100,7.18,RU,2022-02-14 18:29:56
Lasa,46.6166,10.7002,36.34,94,76,2.59,IT,2022-02-14 18:29:57
Mar Del Plata,-38.0023,-57.5575,77.02,84,0,10.0,AR,2022-02-14 18:29:11
Hermanus,-34.4187,19.2345,70.81,75,0,16.6,ZA,2022-02-14 18:29:58
Hilo,19.7297,-155.09,66.25,88,100,5.75,US,2022-02-14 18:29:55
Hambantota,6.1241,81.1185,75.54,94,20,9.22,LK,2022-02-14 18:29:59
Butaritari,3.0707,172.7902,81.77,75,72,15.64,KI,2022-02-14 18:30:00
Cidreira,-30.1811,-50.2056,80.49,40,0,10.85,BR,2022-02-14 18:30:01
Tuatapere,-46.1333,167.6833,48.81,81,100,3.33,NZ,2022-02-14 18:30:02
Saint Anthony,45.0205,-93.218,17.26,65,0,5.75,US,2022-02-14 18:30:03
Mataura,-46.1927,168.8643,48.47,90,100,2.08,NZ,2022-02-14 18:30:04
Lagoa,39.05,-27.9833,59.36,75,92,11.14,PT,2022-02-14 18:30:06
Ginir,7.1333,40.7,63.36,27,100,4.14,ET,2022-02-14 18:30:07
Kapaa,22.0752,-159.319,73.18,91,20,4.61,US,2022-02-14 18:30:08
Ushuaia,-54.8,-68.3,53.22,40,75,20.71,AR,2022-02-14 18:28:24
Arraial Do Cabo,-22.9661,-42.0278,87.76,66,20,19.57,BR,2022-02-14 18:30:10
Altus,34.6381,-99.334,64.51,22,0,4.61,US,2022-02-14 18:30:10
Scarborough,54.2797,-0.4044,45.09,88,99,4.0,GB,2022-02-14 18:28:26
Vanavara,60.34,102.2797,-25.83,100,37,3.49,RU,2022-02-14 18:30:12
Bluff,-46.6,168.3333,48.79,88,100,10.69,NZ,2022-02-14 18:30:12
Shubarshi,48.5872,57.1869,0.3,100,77,3.33,KZ,2022-02-14 18:30:13
Dikson,73.5069,80.5464,-3.24,90,100,18.97,RU,2022-02-14 18:30:14
Arlit,18.7369,7.3853,76.12,8,0,6.44,NE,2022-02-14 18:30:15
Batagay-Alyta,67.8006,130.4114,-18.9,75,0,4.9,RU,2022-02-14 18:30:15
Den Helder,52.9599,4.7593,48.02,84,100,28.99,NL,2022-02-14 18:30:16
Antigonish,45.6169,-61.9986,22.14,91,100,4.0,CA,2022-02-14 18:29:18
Smolenka,52.1352,113.4974,-25.06,75,89,0.0,RU,2022-02-14 18:30:18
Ayan,56.45,138.1667,-10.19,80,12,7.11,RU,2022-02-14 18:30:19
Krasnyy Luch,48.1395,38.9371,28.11,78,3,1.81,UA,2022-02-14 18:30:20
Mount Gambier,-37.8333,140.7667,51.71,93,0,9.22,AU,2022-02-14 18:30:21
Torbay,47.6666,-52.7314,25.75,93,100,24.0,CA,2022-02-14 18:31:21
Veraval,20.9,70.3667,68.16,71,0,10.74,IN,2022-02-14 18:31:23
Puerto Del Rosario,28.5004,-13.8627,65.95,68,40,12.66,ES,2022-02-14 18:31:24
Shakawe,-18.3667,21.85,72.73,70,24,4.97,BW,2022-02-14 18:31:24
Belmonte,-15.8631,-38.8828,84.7,70,7,11.68,BR,2022-02-14 18:31:25
Luderitz,-26.6481,15.1594,70.47,77,1,6.71,NA,2022-02-14 18:31:26
Coihaique,-45.5752,-72.0662,69.75,35,75,10.36,CL,2022-02-14 18:27:02
Basoko,1.2391,23.616,79.07,54,57,2.04,CD,2022-02-14 18:31:28
Khatanga,71.9667,102.5,-29.49,100,22,3.04,RU,2022-02-14 18:31:28
Les Escoumins,48.1111,-69.0236,0.75,81,100,6.15,CA,2022-02-14 18:31:29
Barrow,71.2906,-156.7887,-27.38,68,100,9.22,US,2022-02-14 18:31:30
Verkhnyaya Inta,65.9811,60.3094,-5.13,96,11,5.19,RU,2022-02-14 18:31:30
Loei,17.4167,101.5,65.44,86,26,2.64,TH,2022-02-14 18:31:31
Chuy,-33.6971,-53.4616,81.14,40,0,11.39,UY,2022-02-14 18:31:31
Castro,-24.7911,-50.0119,77.41,68,11,6.87,BR,2022-02-14 18:31:32
Ponta Do Sol,32.6667,-17.1,64.71,81,95,4.18,PT,2022-02-14 18:31:33
Nikolskoye,59.7035,30.7861,36.88,89,100,10.27,RU,2022-02-14 18:31:33
Brownwood,31.7093,-98.9912,69.8,20,0,8.05,US,2022-02-14 18:31:34
Busselton,-33.65,115.3333,67.05,74,0,13.62,AU,2022-02-14 18:31:35
Sao Joao Da Barra,-21.6403,-41.0511,86.09,86,13,14.41,BR,2022-02-14 18:31:35
Qaanaaq,77.484,-69.3632,-1.28,98,100,8.39,GL,2022-02-14 18:31:36
Kavieng,-2.5744,150.7967,82.27,75,72,7.61,PG,2022-02-14 18:31:37
Waipawa,-41.4122,175.5153,51.46,82,15,1.16,NZ,2022-02-14 18:31:37
Lavumisa,-27.31,31.892,72.27,79,1,8.25,SZ,2022-02-14 18:31:38
New Norfolk,-42.7826,147.0587,60.66,80,100,1.79,AU,2022-02-14 18:31:39
Punta Arenas,-53.15,-70.9167,53.71,47,75,12.66,CL,2022-02-14 18:28:38
Aklavik,68.2191,-135.0107,-23.8,76,75,4.61,CA,2022-02-14 18:31:40
Sinnamary,5.3833,-52.95,79.11,88,89,11.45,GF,2022-02-14 18:31:41
Batsfjord,70.6345,29.7185,33.73,100,100,35.68,NO,2022-02-14 18:31:41
Thompson,55.7435,-97.8558,-16.44,63,0,4.61,CA,2022-02-14 18:31:42
Tasiilaq,65.6145,-37.6368,26.76,69,100,49.35,GL,2022-02-14 18:31:43
Beloha,-25.1667,45.05,77.76,68,0,4.59,MG,2022-02-14 18:31:43
Porto Santo,33.072,-16.3415,63.3,63,40,10.36,PT,2022-02-14 18:31:44
Carutapera,-1.195,-46.02,78.49,91,100,7.18,BR,2022-02-14 18:31:44
Clyde River,70.4692,-68.5914,-10.97,77,100,20.71,CA,2022-02-14 18:31:45
Sur,22.5667,59.5289,70.66,67,39,11.65,OM,2022-02-14 18:31:46
Longyearbyen,78.2186,15.6401,15.64,92,75,8.05,SJ,2022-02-14 18:31:46
Jos,9.9167,8.9,72.54,14,58,5.53,NG,2022-02-14 18:31:47
Bandarbeyla,9.4942,50.8122,75.83,69,89,19.64,SO,2022-02-14 18:31:47
Guerrero Negro,27.9769,-114.0611,78.6,22,0,6.53,MX,2022-02-14 18:31:48
Turukhansk,65.8167,87.9833,-9.13,81,0,11.12,RU,2022-02-14 18:31:49
Singkawang,0.9,109.0,76.6,92,100,2.55,ID,2022-02-14 18:31:49
Puerto Ayora,-0.7393,-90.3518,84.16,89,97,5.01,EC,2022-02-14 18:31:50
Yeppoon,-23.1333,150.7333,73.18,84,97,20.36,AU,2022-02-14 18:31:51
Hobart,-42.8794,147.3294,61.02,92,100,9.22,AU,2022-02-14 18:30:10
Vaini,-21.2,-175.2,75.36,94,20,4.61,TO,2022-02-14 18:31:52
Sistranda,63.7256,8.834,29.89,62,100,28.16,NO,2022-02-14 18:31:53
Dryden,49.7833,-92.7503,-0.11,65,0,6.91,CA,2022-02-14 18:31:53
Cockburn Town,21.4612,-71.1419,78.31,76,23,10.69,TC,2022-02-14 18:31:54
Santa Cruz,-17.8,-63.1667,89.65,48,75,6.91,BO,2022-02-14 18:29:20
Yellowknife,62.456,-114.3525,-9.58,85,75,6.91,CA,2022-02-14 18:30:52
Baykit,61.67,96.37,-21.84,100,84,3.85,RU,2022-02-14 18:32:56
Sola,-13.8833,167.55,81.64,75,99,15.1,VU,2022-02-14 18:32:57
Sabha,27.0377,14.4283,59.05,23,0,10.89,LY,2022-02-14 18:32:58
Vigrestad,58.5667,5.7,39.0,96,100,10.51,NO,2022-02-14 18:32:59
Hithadhoo,-0.6,73.0833,82.27,71,92,11.3,MV,2022-02-14 18:33:00
Portland,45.5234,-122.6762,48.9,89,75,12.66,US,2022-02-14 18:32:01
Narsaq,60.9167,-46.05,14.22,66,63,17.85,GL,2022-02-14 18:33:01
Esperance,-33.8667,121.9,64.24,77,24,11.52,AU,2022-02-14 18:33:01
Port Macquarie,-31.4333,152.9167,66.09,100,40,0.0,AU,2022-02-14 18:32:45
Mugumu,-1.85,34.7,61.34,88,100,2.51,TZ,2022-02-14 18:33:02
Tarbes,43.25,0.1667,44.26,93,75,11.5,FR,2022-02-14 18:33:03
Quang Ngai,15.1167,108.8,70.41,93,100,5.1,VN,2022-02-14 18:33:04
Atuona,-9.8,-139.0333,78.91,66,8,16.35,PF,2022-02-14 18:33:05
Trinidad,-14.8333,-64.9,87.78,62,40,5.75,BO,2022-02-14 18:33:05
Georgetown,5.4112,100.3354,78.73,97,40,4.61,MY,2022-02-14 18:33:06
Salalah,17.0151,54.0924,77.09,18,0,8.05,OM,2022-02-14 18:32:22
Manokwari,-0.8667,134.0833,76.87,84,100,3.96,ID,2022-02-14 18:33:07
Fayaoue,-20.65,166.5333,81.27,81,12,17.2,NC,2022-02-14 18:33:07
Smoky Lake,54.1169,-112.4686,19.49,86,100,9.22,CA,2022-02-14 18:30:25
Tandalti,13.0167,31.8667,74.05,17,0,12.26,SD,2022-02-14 18:33:09
Strezhevoy,60.7333,77.5889,-4.02,96,100,5.7,RU,2022-02-14 18:33:09
Luwuk,-0.9516,122.7875,76.87,85,65,2.75,ID,2022-02-14 18:33:10
Grand-Lahou,5.1367,-5.0242,80.35,81,9,7.94,CI,2022-02-14 18:33:11
Sorland,67.667,12.6934,33.66,54,97,17.05,NO,2022-02-14 18:33:12
Tuktoyaktuk,69.4541,-133.0374,-29.2,75,20,11.5,CA,2022-02-14 18:33:13
Mahebourg,-20.4081,57.7,82.26,89,40,11.5,MU,2022-02-14 18:30:27
Ciudad Bolivar,8.1222,-63.5497,90.93,36,96,9.69,VE,2022-02-14 18:33:14
Inta,66.0317,60.1659,-7.13,98,12,4.12,RU,2022-02-14 18:33:15
Cape Town,-33.9258,18.4232,77.27,60,0,10.36,ZA,2022-02-14 18:32:39
Nagua,19.3832,-69.8474,82.45,74,40,17.27,DO,2022-02-14 18:33:16
Miranda,3.2499,-76.2281,80.73,70,100,2.55,CO,2022-02-14 18:33:17
Camacha,33.0833,-16.3333,60.22,63,40,10.36,PT,2022-02-14 18:33:18
Igrim,63.1906,64.4162,-14.06,100,90,0.43,RU,2022-02-14 18:33:18
Lavrentiya,65.5833,-171.0,-18.26,95,34,7.7,RU,2022-02-14 18:33:19
Severo-Kurilsk,50.6789,156.125,25.07,79,100,6.73,RU,2022-02-14 18:33:20
Kaitangata,-46.2817,169.8464,50.32,80,100,4.0,NZ,2022-02-14 18:33:20
Roma,43.2128,-75.4557,16.66,49,0,16.11,US,2022-02-14 18:32:02
Labuhan,-6.8844,112.2051,76.73,89,91,8.05,ID,2022-02-14 18:33:21
Sao Filipe,14.8961,-24.4956,73.69,65,100,10.89,CV,2022-02-14 18:33:22
Venado Tuerto,-33.7456,-61.9688,86.9,21,0,6.85,AR,2022-02-14 18:30:03
Bellegarde-Sur-Valserine,46.1079,5.8242,42.91,99,100,1.41,FR,2022-02-14 18:33:23
Matsusaka,34.5667,136.5333,44.49,87,2,3.24,JP,2022-02-14 18:33:24
Kabale,-1.2486,29.9899,62.38,71,100,2.24,UG,2022-02-14 18:34:25
Hit,33.6416,42.8251,58.87,28,0,6.38,IQ,2022-02-14 18:34:25
Carnarvon,-24.8667,113.6333,80.67,78,6,9.22,AU,2022-02-14 18:34:26
Hamilton,39.1834,-84.5333,28.6,62,75,5.75,US,2022-02-14 18:34:05
Olafsvik,64.8945,-23.7142,36.68,70,100,28.86,IS,2022-02-14 18:34:28
Broome,42.2506,-75.833,18.68,64,100,13.8,US,2022-02-14 18:33:26
Douglas,41.3,-96.167,37.98,48,0,13.8,US,2022-02-14 18:34:29
Shelburne,44.0787,-80.2041,11.12,69,100,8.81,CA,2022-02-14 18:34:30
Gushikawa,26.3544,127.8686,61.83,82,40,8.05,JP,2022-02-14 18:34:30
Bilma,18.6853,12.9164,73.9,10,1,7.76,NE,2022-02-14 18:34:31
Xique-Xique,-10.8218,-42.7263,83.55,58,20,1.5,BR,2022-02-14 18:34:32
Chicama,-7.8447,-79.1469,70.34,53,95,12.15,PE,2022-02-14 18:34:33
Port-Cartier,50.0334,-66.8654,4.75,67,100,4.47,CA,2022-02-14 18:34:33
San Giovanni In Fiore,39.2633,16.6996,43.23,73,100,3.98,IT,2022-02-14 18:34:34
Nanortalik,60.1432,-45.2371,15.01,67,63,43.93,GL,2022-02-14 18:34:35
Lebu,-37.6167,-73.65,64.94,72,1,9.35,CL,2022-02-14 18:31:07
Avera,33.194,-82.5271,55.29,30,0,12.75,US,2022-02-14 18:34:36
Comodoro Rivadavia,-45.8667,-67.5,80.46,21,0,19.57,AR,2022-02-14 18:34:37
Naze,28.3667,129.4833,55.36,67,0,10.58,JP,2022-02-14 18:34:37
Seoul,37.5683,126.9778,29.71,63,75,10.36,KR,2022-02-14 18:33:13
Port Antonio,18.18,-76.4612,87.71,56,14,4.14,JM,2022-02-14 18:34:39
Beira,-19.8436,34.8389,82.49,83,40,17.27,MZ,2022-02-14 18:34:40
Nouakchott,18.0858,-15.9785,84.13,25,100,12.35,MR,2022-02-14 18:34:40
Fortuna,40.5982,-124.1573,50.94,93,100,0.0,US,2022-02-14 18:33:45
Garmsar,35.2182,52.3409,47.8,45,3,5.91,IR,2022-02-14 18:34:41
Umea,63.8284,20.2597,17.91,93,0,4.61,SE,2022-02-14 18:34:42
Dudinka,69.4058,86.1778,-17.5,97,43,4.94,RU,2022-02-14 18:34:43
Souillac,-20.5167,57.5167,82.36,89,40,11.5,MU,2022-02-14 18:34:20
Wajir,1.7471,40.0573,87.76,45,0,0.0,KE,2022-02-14 18:34:44
Bethel,41.3712,-73.414,24.1,45,0,17.27,US,2022-02-14 18:34:45
Vila Franca Do Campo,37.7167,-25.4333,64.2,68,76,2.86,PT,2022-02-14 18:33:22
Viedma,-40.8135,-62.9967,75.33,56,5,20.02,AR,2022-02-14 18:30:26
Gabu,12.2833,-14.2167,89.11,11,8,4.76,GW,2022-02-14 18:34:47
Beringovskiy,63.05,179.3167,-20.4,96,100,13.04,RU,2022-02-14 18:33:37
Cayenne,4.9333,-52.3333,80.1,90,100,6.91,GF,2022-02-14 18:30:05
Codrington,-38.2667,141.9667,55.62,86,1,9.22,AU,2022-02-14 18:34:49
Kodiak,57.79,-152.4072,36.91,81,100,16.11,US,2022-02-14 18:34:50
Heyang,26.1011,107.473,44.42,91,99,3.36,CN,2022-02-14 18:34:50
Norman Wells,65.282,-126.8329,-16.56,69,75,20.71,CA,2022-02-14 18:34:01
Ribeira Grande,38.5167,-28.7,63.0,77,40,4.61,PT,2022-02-14 18:34:51
Alice Springs,-23.7,133.8833,72.95,78,21,0.0,AU,2022-02-14 18:30:12
Mosetse,-20.75,26.65,77.79,36,0,16.37,BW,2022-02-14 18:34:53
Saskylakh,71.9167,114.0833,-17.99,90,96,4.03,RU,2022-02-14 18:34:53
Cabo San Lucas,22.8909,-109.9124,89.62,49,0,6.91,MX,2022-02-14 18:34:54
Neuquen,-38.9516,-68.0591,94.89,17,0,11.5,AR,2022-02-14 18:32:47
Sangar,63.9242,127.4739,-35.95,99,37,2.53,RU,2022-02-14 18:35:55
Port Lincoln,-34.7333,135.8667,63.79,81,100,14.61,AU,2022-02-14 18:32:30
Kovdor,67.5662,30.4758,18.05,83,7,12.37,RU,2022-02-14 18:35:56
Grindavik,63.8424,-22.4338,36.07,87,100,42.57,IS,2022-02-14 18:35:58
Ostersund,63.1792,14.6357,19.85,79,100,2.3,SE,2022-02-14 18:32:59
Vorukh,39.8494,70.5838,26.17,77,77,6.49,TJ,2022-02-14 18:36:00
Smithers,54.7804,-127.1743,34.12,93,75,3.44,CA,2022-02-14 18:36:00
Ajaccio,42.0,8.9167,50.05,71,75,2.3,FR,2022-02-14 18:36:01
Alofi,-19.0595,-169.9187,73.29,94,75,5.75,NU,2022-02-14 18:36:02
Gold Coast,-28.0,153.4333,69.01,89,100,6.91,AU,2022-02-14 18:34:39
Kanniyakumari,8.0833,77.5667,77.86,79,62,16.13,IN,2022-02-14 18:36:03
Tura,25.5198,90.2201,56.98,53,0,3.29,IN,2022-02-14 18:36:03
Shingu,33.7333,135.9833,40.91,79,16,3.49,JP,2022-02-14 18:36:04
Odweyne,9.4092,45.064,65.91,50,3,10.83,SO,2022-02-14 18:36:05
Nishihara,26.1842,127.7558,61.88,71,75,11.5,JP,2022-02-14 18:36:05
Nemuro,43.3236,145.575,23.18,76,70,12.73,JP,2022-02-14 18:36:06
Mwanza,-2.5167,32.9,69.49,81,99,10.54,TZ,2022-02-14 18:33:19
Mchinji,-13.7984,32.8802,63.97,99,100,3.22,MW,2022-02-14 18:36:07
Lakes Entrance,-37.8811,147.981,63.16,89,18,8.37,AU,2022-02-14 18:36:08
Victoria,22.2855,114.1577,62.65,84,100,13.0,HK,2022-02-14 18:32:32
Puerto Carreno,6.189,-67.4859,94.98,38,40,10.36,CO,2022-02-14 18:36:09
Turmalina,-17.2856,-42.73,78.89,76,92,1.19,BR,2022-02-14 18:36:09
Geraldton,-28.7667,114.6,79.21,69,0,9.22,AU,2022-02-14 18:31:13
Christchurch,-43.5333,172.6333,56.95,91,100,4.0,NZ,2022-02-14 18:36:11
Ahipara,-35.1667,173.1667,59.9,79,3,4.54,NZ,2022-02-14 18:36:12
Nioro,13.35,-15.75,89.53,10,11,7.43,GM,2022-02-14 18:36:13
Port Alfred,-33.5906,26.891,70.23,79,100,23.26,ZA,2022-02-14 18:34:12
Karpogory,64.0019,44.4451,27.25,94,100,8.9,RU,2022-02-14 18:36:14
Imbituba,-28.24,-48.6703,81.82,71,61,9.57,BR,2022-02-14 18:36:15
Saldanha,-33.0117,17.9442,86.05,72,0,4.52,ZA,2022-02-14 18:33:06
Khani,41.9563,42.9566,36.97,88,100,4.18,GE,2022-02-14 18:36:16
Poum,-20.2333,164.0167,80.55,81,100,15.66,NC,2022-02-14 18:36:17
Zhelyabovka,45.3988,34.7578,35.06,82,69,5.41,UA,2022-02-14 18:36:18
Beloyarskiy,63.7119,66.6722,-15.65,100,98,1.95,RU,2022-02-14 18:36:19
San Ignacio,17.1561,-89.0714,77.14,61,40,9.22,BZ,2022-02-14 18:36:20
Pare,-7.7679,112.198,73.38,95,100,6.67,ID,2022-02-14 18:36:21
Palmer,42.1584,-72.3287,22.64,41,20,14.97,US,2022-02-14 18:36:22
Ponta Delgada,37.7333,-25.6667,61.52,59,20,5.75,PT,2022-02-14 18:36:23
Kruisfontein,-34.0033,24.7314,66.78,76,93,17.27,ZA,2022-02-14 18:36:24
Coahuayana,18.7333,-103.6833,94.48,37,72,7.72,MX,2022-02-14 18:35:28
Loja,-3.9931,-79.2042,69.21,57,75,2.3,EC,2022-02-14 18:36:25
Manzil Salim,35.8567,8.4765,57.2,47,100,4.68,TN,2022-02-14 18:36:25
Tazovskiy,67.4667,78.7,-13.38,99,76,9.93,RU,2022-02-14 18:32:57
Calabaca,14.3001,122.4336,73.85,88,100,6.26,PH,2022-02-14 18:36:26
Shache,38.4167,77.2406,28.71,43,9,2.01,CN,2022-02-14 18:36:27
Alugan,12.2188,125.4808,77.02,79,100,6.82,PH,2022-02-14 18:36:28
Svetlogorsk,52.6333,29.7333,28.8,79,3,10.76,BY,2022-02-14 18:36:28
Phalaborwa,-23.943,31.1411,79.88,71,7,16.96,ZA,2022-02-14 18:36:29
San Cristobal,7.7669,-72.225,77.18,43,100,2.37,VE,2022-02-14 18:35:36
Leningradskiy,69.3833,178.4167,-20.87,90,45,5.73,RU,2022-02-14 18:37:30
Mehamn,71.0357,27.8492,33.71,89,100,41.38,NO,2022-02-14 18:37:31
Tikaitnagar,26.95,81.5833,55.42,62,0,3.24,IN,2022-02-14 18:37:32
Faanui,-16.4833,-151.75,80.42,78,100,18.61,PF,2022-02-14 18:37:33
Providence,41.824,-71.4128,24.85,49,75,11.5,US,2022-02-14 18:36:14
Manitouwadge,49.1215,-85.8403,5.72,74,100,7.0,CA,2022-02-14 18:37:35
Kashiwazaki,37.3667,138.55,24.89,79,91,5.14,JP,2022-02-14 18:37:36
Srednekolymsk,67.45,153.6833,-33.09,99,34,6.29,RU,2022-02-14 18:37:36
Tiksi,71.6872,128.8694,-15.86,93,4,4.23,RU,2022-02-14 18:33:01
Zapolyarnyy,69.4154,30.8136,27.68,78,100,38.14,RU,2022-02-14 18:37:38
Gushi,34.6425,109.5843,38.89,62,0,1.81,CN,2022-02-14 18:37:38
Dubbo,-32.25,148.6167,64.53,82,0,10.36,AU,2022-02-14 18:37:39
Metlaltoyuca,20.7333,-97.85,62.33,55,93,6.06,MX,2022-02-14 18:37:39
Erzin,36.9559,36.2,50.72,83,1,3.18,TR,2022-02-14 18:37:40
Phayao,19.25,100.25,67.5,77,50,2.62,TH,2022-02-14 18:37:41
Serenje,-13.2325,30.2352,61.74,98,100,2.68,ZM,2022-02-14 18:37:41
Adrar,20.5022,-10.0711,67.69,16,100,10.31,MR,2022-02-14 18:35:33
Fairmont,39.4851,-80.1426,25.38,51,100,4.0,US,2022-02-14 18:37:43
Ancud,-41.8697,-73.8203,76.23,61,9,10.36,CL,2022-02-14 18:37:43
Bud,39.447,-86.1758,29.68,59,8,5.46,US,2022-02-14 18:37:44
East London,-33.0153,27.9116,68.94,83,75,9.22,ZA,2022-02-14 18:37:44
Axim,4.8699,-2.2405,78.42,83,100,4.18,GH,2022-02-14 18:34:54
Pereleshino,51.7376,40.1388,28.18,89,98,11.21,RU,2022-02-14 18:37:45
Dubovyy Umet,52.9763,50.2857,22.89,91,100,10.76,RU,2022-02-14 18:37:46
Eureka,40.8021,-124.1637,51.21,82,100,1.99,US,2022-02-14 18:36:12
Ziro,27.6333,93.8333,33.66,65,1,2.86,IN,2022-02-14 18:37:47
Yerbogachen,61.2767,108.0108,-9.11,99,100,2.55,RU,2022-02-14 18:37:48
Fenyi,27.8112,114.6681,40.53,92,0,1.45,CN,2022-02-14 18:37:49
Oistins,13.0667,-59.5333,84.29,58,40,17.27,BB,2022-02-14 18:37:50
Marzuq,14.4,46.4667,60.78,36,3,1.74,YE,2022-02-14 18:37:50
Wewak,-3.5534,143.6268,77.07,92,100,5.39,PG,2022-02-14 18:37:51
Jinchang,38.4953,102.1739,23.31,59,6,4.34,CN,2022-02-14 18:37:52
Jiayuguan,39.8167,98.3,25.43,40,1,2.33,CN,2022-02-14 18:37:52
Saint George,37.1041,-113.5841,68.34,25,0,3.44,US,2022-02-14 18:34:55
West Bay,19.3667,-81.4167,77.07,86,75,13.8,KY,2022-02-14 18:37:54
Quatre Cocos,-20.2078,57.7625,82.09,88,35,12.24,MU,2022-02-14 18:33:47
Ipixuna,-1.7625,-48.8043,76.95,80,56,6.51,BR,2022-02-14 18:37:56
Nardaran,40.5561,50.0056,44.24,65,100,13.8,AZ,2022-02-14 18:37:56
Marietta,33.9526,-84.5499,54.14,37,0,12.66,US,2022-02-14 18:33:14
Port Blair,11.6667,92.75,75.24,88,20,1.14,IN,2022-02-14 18:37:57
Katangli,51.7102,143.2326,-11.87,98,76,8.32,RU,2022-02-14 18:37:58
Calamar,10.2511,-74.9146,89.55,28,98,5.48,CO,2022-02-14 18:37:59
Constantine,36.365,6.6147,49.41,53,40,6.91,DZ,2022-02-14 18:35:17
Penzance,50.1186,-5.5371,47.41,72,4,24.27,GB,2022-02-14 18:39:00
Troitskoye,52.9821,84.6757,19.99,86,100,8.12,RU,2022-02-14 18:39:01
Kattivakkam,13.2167,80.3167,79.07,75,100,9.19,IN,2022-02-14 18:39:01
Tikapur,28.5,81.1333,58.03,79,0,3.06,NP,2022-02-14 18:39:02
Kulhudhuffushi,6.6221,73.07,81.41,68,84,2.37,MV,2022-02-14 18:39:03
Krasnoselkup,65.7,82.4667,-7.83,93,7,13.15,RU,2022-02-14 18:35:12
Katsuura,35.1333,140.3,37.51,68,83,5.99,JP,2022-02-14 18:39:04
Mitchell,43.7094,-98.0298,21.74,54,0,5.75,US,2022-02-14 18:39:04
Kinsale,51.7075,-8.5306,45.77,70,75,8.05,IE,2022-02-14 18:39:05
Gimli,50.6336,-96.9907,5.43,60,100,4.61,CA,2022-02-14 18:39:06
Kargopol,61.5071,38.9456,31.33,98,100,8.1,RU,2022-02-14 18:39:06
Amahai,-3.3333,128.9167,77.04,84,98,2.53,ID,2022-02-14 18:39:07
Tezu,27.9167,96.1667,55.85,40,0,5.03,IN,2022-02-14 18:39:08
Isangel,-19.55,169.2667,75.31,94,40,0.0,VU,2022-02-14 18:39:08
La Macarena,2.1837,-73.7849,96.75,29,78,6.46,CO,2022-02-14 18:39:09
Kirkenaer,60.4564,12.0582,33.28,95,100,11.88,NO,2022-02-14 18:39:09
Darhan,49.4867,105.9228,-20.15,100,75,2.86,MN,2022-02-14 18:39:11
Krasnokamensk,50.0979,118.0369,-13.04,99,99,3.02,RU,2022-02-14 18:39:11
Kinkala,-4.3614,14.7644,84.51,94,59,2.77,CG,2022-02-14 18:39:12
Gampengrejo,-7.7667,112.0167,74.48,95,100,10.4,ID,2022-02-14 18:39:13
Asau,46.4333,26.4,30.76,81,74,3.53,RO,2022-02-14 18:35:13
Perpignan,42.75,2.75,48.99,66,75,5.75,FR,2022-02-14 18:39:14
Kilimatinde,-5.85,34.95,64.15,96,96,1.52,TZ,2022-02-14 18:39:14
Pitimbu,-7.4706,-34.8086,88.39,61,98,11.41,BR,2022-02-14 18:39:15
Phalodi,27.1333,72.3667,68.88,19,0,5.77,IN,2022-02-14 18:39:16
Campos Altos,-19.6961,-46.1714,76.53,74,49,4.85,BR,2022-02-14 18:39:16
Cherskiy,68.75,161.3,-29.99,100,98,5.61,RU,2022-02-14 18:39:17
Karratha,-20.7377,116.8463,90.0,46,0,16.93,AU,2022-02-14 18:39:18
Kamaishi,39.2667,141.8833,32.79,77,100,4.14,JP,2022-02-14 18:39:18
Sayyan,15.1718,44.3244,54.45,44,7,1.7,YE,2022-02-14 18:39:19
San Lorenzo De El Escorial,40.5914,-4.1474,43.88,71,30,15.37,ES,2022-02-14 18:39:20
Lorengau,-2.0226,147.2712,79.61,82,68,2.91,PG,2022-02-14 18:39:20
Qaqortoq,60.7167,-46.0333,14.5,56,9,37.51,GL,2022-02-14 18:39:21
Luganville,-15.5333,167.1667,79.88,84,73,8.03,VU,2022-02-14 18:39:22
Giyani,-23.3025,30.7187,80.47,55,99,17.6,ZA,2022-02-14 18:39:22
Saint-Philippe,-21.3585,55.7679,80.19,86,100,14.16,RE,2022-02-14 18:39:23
Cocoa,28.3861,-80.742,63.43,48,0,18.41,US,2022-02-14 18:39:24
Farafangana,-22.8167,47.8333,76.78,90,66,5.99,MG,2022-02-14 18:39:24
Nome,64.5011,-165.4064,-5.73,65,0,8.05,US,2022-02-14 18:39:25
Veshenskaya,49.6303,41.7334,13.32,94,13,5.48,RU,2022-02-14 18:39:26
Mizdah,31.4451,12.9801,56.21,32,50,10.76,LY,2022-02-14 18:39:26
Panzhihua,26.5851,101.7128,47.17,46,0,1.61,CN,2022-02-14 18:39:27
Hasaki,35.7333,140.8333,28.8,52,47,4.36,JP,2022-02-14 18:39:28
Sisophon,13.5859,102.9737,74.97,89,54,6.62,KH,2022-02-14 18:39:28
Fairfield,41.2668,-73.3162,24.8,42,0,21.85,US,2022-02-14 18:39:09
Broken Hill,-31.95,141.4333,78.51,29,10,10.36,AU,2022-02-14 18:39:30
Nioki,-2.7167,17.6833,73.83,81,37,0.43,CD,2022-02-14 18:39:30
Biak,-0.9131,122.8766,75.58,84,72,2.57,ID,2022-02-14 18:40:31
Dingle,10.9995,122.6711,73.45,91,100,6.35,PH,2022-02-14 18:40:32
Iquique,-20.2208,-70.1431,72.19,68,71,6.24,CL,2022-02-14 18:40:32
Bratsk,56.1325,101.6142,-8.91,100,38,2.64,RU,2022-02-14 18:40:33
Padang,-0.9492,100.3543,76.8,83,96,4.45,ID,2022-02-14 18:40:34
Bambous Virieux,-20.3428,57.7575,81.21,89,40,11.5,MU,2022-02-14 18:40:34
Chamba,32.5667,76.1333,50.99,62,100,5.46,IN,2022-02-14 18:40:35
Yulara,-25.2406,130.9889,73.24,38,1,6.91,AU,2022-02-14 18:40:36
Baoqing,46.3317,132.2111,3.52,97,100,4.12,CN,2022-02-14 18:40:36
Nanlong,31.3533,106.0631,48.0,72,56,3.24,CN,2022-02-14 18:40:37
Hope,33.6671,-93.5916,67.98,33,0,8.21,US,2022-02-14 18:39:03
Lata,40.1629,-8.3327,53.82,89,6,3.36,PT,2022-02-14 18:40:38
Dubasari,47.2631,29.1608,39.29,64,95,7.07,MD,2022-02-14 18:40:39
Jumla,29.2747,82.1838,29.05,72,3,6.6,NP,2022-02-14 18:35:42
Hervey Bay,-25.2986,152.8535,69.91,76,56,20.29,AU,2022-02-14 18:40:40
Bathsheba,13.2167,-59.5167,84.81,58,40,17.27,BB,2022-02-14 18:40:41
Khandyga,62.6667,135.6,-43.96,100,55,1.57,RU,2022-02-14 18:40:41
Gull Lake,50.1001,-108.4847,21.56,85,100,16.58,CA,2022-02-14 18:40:42
Bonavista,48.6499,-53.1147,23.11,91,100,23.62,CA,2022-02-14 18:40:43
Ures,29.4333,-110.4,84.27,9,0,2.68,MX,2022-02-14 18:40:44
Tokonou,9.65,-9.7833,83.26,14,0,3.8,GN,2022-02-14 18:40:44
Kirkwall,58.9848,-2.9587,39.25,65,20,11.5,GB,2022-02-14 18:40:45
Moindou,-21.6924,165.677,76.95,86,63,2.39,NC,2022-02-14 18:40:46
Puerto Escondido,15.85,-97.0667,88.63,58,20,9.22,MX,2022-02-14 18:40:47
Kisangani,0.5167,25.2,80.92,49,99,2.86,CD,2022-02-14 18:40:47
Sao Felix Do Xingu,-6.6447,-51.995,83.88,69,99,3.8,BR,2022-02-14 18:39:59
Pevek,69.7008,170.3133,-22.22,99,100,5.44,RU,2022-02-14 18:40:49
Taoudenni,22.6783,-3.9836,67.8,18,96,10.51,ML,2022-02-14 18:40:49
Tongren,27.7172,109.1853,45.68,84,98,3.62,CN,2022-02-14 18:40:50
Deputatskiy,69.3,139.9,-24.11,94,6,6.08,RU,2022-02-14 18:40:50
Sijunjung,-0.6876,100.9537,72.03,95,87,1.25,ID,2022-02-14 18:40:51
Kemijarvi,66.7131,27.4306,7.68,90,5,3.98,FI,2022-02-14 18:40:52
Ustyuzhna,58.8394,36.4321,30.4,88,100,11.01,RU,2022-02-14 18:40:52
Coquimbo,-29.9533,-71.3436,69.75,72,44,8.93,CL,2022-02-14 18:40:53
Jutai,-5.1833,-68.9,81.05,85,99,1.39,BR,2022-02-14 18:40:54
Chapais,49.7834,-74.8492,-4.22,77,100,7.45,CA,2022-02-14 18:40:54
Kloulklubed,7.0419,134.2556,79.3,75,11,13.69,PW,2022-02-14 18:40:55
Gryazovets,58.88,40.2525,28.09,93,100,10.71,RU,2022-02-14 18:40:56
Airai,-8.9266,125.4092,58.12,92,21,3.06,TL,2022-02-14 18:40:56
Groa,62.65,8.7167,32.09,88,100,9.6,NO,2022-02-14 18:40:57
Hwange,-18.3693,26.5019,72.12,50,0,3.09,ZW,2022-02-14 18:40:58
Pisco,-13.7,-76.2167,75.25,60,0,8.05,PE,2022-02-14 18:40:59
Lompoc,34.6391,-120.4579,78.13,92,100,4.61,US,2022-02-14 18:41:00
Waddan,29.1614,16.139,58.23,32,0,12.37,LY,2022-02-14 18:41:00
Semirom,31.4167,51.5667,28.04,61,0,2.17,IR,2022-02-14 18:41:01
Ketchikan,55.3422,-131.6461,40.98,87,20,6.91,US,2022-02-14 18:41:02
Praia,14.9215,-23.5087,75.74,57,0,19.57,CV,2022-02-14 18:42:02
Springfield,37.2153,-93.2982,58.42,38,0,9.22,US,2022-02-14 18:41:43
Resistencia,-27.4606,-58.9839,100.09,22,0,5.75,AR,2022-02-14 18:42:04
Rassvet,46.8333,40.75,33.01,79,0,8.95,RU,2022-02-14 18:42:05
Jining,35.405,116.5814,37.0,1,100,6.06,CN,2022-02-14 18:42:05
Lempaala,61.3167,23.75,33.1,100,100,3.44,FI,2022-02-14 18:42:06
Bogorodskoye,56.55,37.8833,30.09,88,100,11.86,RU,2022-02-14 18:42:06
Margate,51.3813,1.3862,46.89,82,48,1.99,GB,2022-02-14 18:42:07
Along,28.1667,94.7667,46.99,64,0,2.06,IN,2022-02-14 18:42:08
Korgen,66.0771,13.8153,26.31,94,16,5.26,NO,2022-02-14 18:42:09
Belaya Gora,68.5333,146.4167,-30.3,99,31,5.12,RU,2022-02-14 18:42:09
Kavaratti,10.5669,72.642,80.69,71,0,1.25,IN,2022-02-14 18:42:10
Feni,23.0186,91.41,58.78,56,0,4.63,BD,2022-02-14 18:42:11
Saint-Pierre,-21.3393,55.4781,80.28,74,0,3.44,RE,2022-02-14 18:42:11
Fort Nelson,58.8053,-122.7002,-4.41,84,20,2.3,CA,2022-02-14 18:42:12
Tessalit,20.1986,1.0114,68.07,15,74,10.78,ML,2022-02-14 18:42:13
Kamarion,36.8,25.8167,50.76,66,95,18.32,GR,2022-02-14 18:42:13
Cacoal,-11.4386,-61.4472,83.26,79,67,1.7,BR,2022-02-14 18:42:14
Benjamin Constant,-4.3831,-70.0311,87.93,74,40,4.61,BR,2022-02-14 18:42:15
San Quintin,30.4833,-115.95,70.5,40,0,7.61,MX,2022-02-14 18:42:15
Port Elizabeth,-33.918,25.5701,68.29,77,100,13.8,ZA,2022-02-14 18:42:16
Tanout,14.9709,8.8879,75.43,9,48,11.18,NE,2022-02-14 18:42:17
Skibbereen,51.55,-9.2667,48.11,82,100,14.63,IE,2022-02-14 18:42:17
Pontianak,-0.0333,109.3333,75.18,100,100,4.61,ID,2022-02-14 18:42:18
Maumere,-8.6199,122.2111,79.93,80,19,4.81,ID,2022-02-14 18:42:19
Bayji,34.9311,43.487,57.54,34,0,4.21,IQ,2022-02-14 18:42:20
Moose Factory,51.2585,-80.6094,6.8,47,0,14.97,CA,2022-02-14 18:42:20
Iqaluit,63.7506,-68.5145,-13.27,70,100,2.3,CA,2022-02-14 18:42:21
Haines Junction,60.7522,-137.5108,4.95,85,100,1.14,CA,2022-02-14 18:42:22
Adelaide,-34.9333,138.6,69.17,65,0,2.3,AU,2022-02-14 18:42:22
Bay Roberts,47.5999,-53.2648,26.51,88,100,15.99,CA,2022-02-14 18:42:23
Kalianget,-7.05,113.9333,77.56,84,98,3.02,ID,2022-02-14 18:42:24
General Roca,-39.0333,-67.5833,95.4,20,0,4.47,AR,2022-02-14 18:42:25
Brokopondo,4.75,-55.1667,80.47,84,51,7.78,SR,2022-02-14 18:42:25
Sechura,-5.5569,-80.8222,80.8,58,93,13.6,PE,2022-02-14 18:42:26
Andros Town,24.7,-77.7667,73.36,56,91,18.1,BS,2022-02-14 18:42:27
Barcelos,41.5388,-8.6151,53.28,86,1,5.1,PT,2022-02-14 18:42:27
Sibolga,1.7427,98.7792,76.14,90,72,3.15,ID,2022-02-14 18:39:29
Novikovo,51.1537,37.8879,16.54,91,77,5.61,RU,2022-02-14 18:42:28
Ballina,-28.8667,153.5667,67.96,90,100,2.3,AU,2022-02-14 18:42:29
Kosh-Agach,50.0,88.6667,-11.94,97,100,1.19,RU,2022-02-14 18:42:30
Iracoubo,5.4802,-53.2011,78.84,88,70,10.51,GF,2022-02-14 18:42:31
Del Rio,29.3627,-100.8968,66.31,22,0,13.8,US,2022-02-14 18:42:33
Banda Aceh,5.5577,95.3222,79.07,79,83,2.98,ID,2022-02-14 18:42:33
Sonoita,31.85,-112.8333,77.52,12,0,2.71,MX,2022-02-14 18:42:34
Husavik,66.0449,-17.3389,22.91,76,29,19.86,IS,2022-02-14 18:43:35
Yumen,40.2833,97.2,26.17,36,8,6.31,CN,2022-02-14 18:43:36
Chokurdakh,70.6333,147.9167,-21.53,96,21,7.67,RU,2022-02-14 18:43:36
Rocha,-34.4833,-54.3333,79.47,36,0,14.61,UY,2022-02-14 18:43:37
Shangrao,28.4532,117.9686,41.94,90,0,2.91,CN,2022-02-14 18:43:38
Nisia Floresta,-6.0911,-35.2086,88.61,57,98,12.62,BR,2022-02-14 18:43:38
Kailua,21.4022,-157.7394,74.75,67,20,11.5,US,2022-02-14 18:43:39
Te Anau,-45.4167,167.7167,50.94,78,100,1.05,NZ,2022-02-14 18:43:40
Provideniya,64.3833,-173.3,-10.28,91,100,12.08,RU,2022-02-14 18:43:40
Viransehir,37.2353,39.7631,45.72,59,0,5.44,TR,2022-02-14 18:43:41
Katete,-0.7818,29.7544,70.2,57,100,4.23,UG,2022-02-14 18:43:41
Faya,18.3851,42.4509,57.72,52,2,5.77,SA,2022-02-14 18:43:42
Kununurra,-15.7667,128.7333,76.98,94,58,4.61,AU,2022-02-14 18:43:43
Gat,31.61,34.7642,56.08,100,0,0.78,IL,2022-02-14 18:43:44
Inhambane,-23.865,35.3833,78.78,83,40,4.61,MZ,2022-02-14 18:43:44
Santa Maria,-29.6842,-53.8069,79.9,34,0,4.61,BR,2022-02-14 18:42:14
Maceio,-9.6658,-35.7353,87.24,58,40,17.27,BR,2022-02-14 18:43:45
Ippy,6.2679,21.2247,84.74,14,100,3.94,CF,2022-02-14 18:43:46
Port Hardy,50.6996,-127.4199,47.75,87,20,8.05,CA,2022-02-14 18:42:14
Jewar,28.1333,77.55,64.87,66,0,3.96,IN,2022-02-14 18:43:47
Koszalin,54.1944,16.1722,47.68,67,11,14.97,PL,2022-02-14 18:43:48
Tezpur,26.6333,92.8,56.86,57,0,4.14,IN,2022-02-14 18:43:48
Kerman,30.2832,57.0788,40.86,65,0,4.61,IR,2022-02-14 18:43:25
Llandrindod Wells,52.2416,-3.3787,42.93,78,100,19.77,GB,2022-02-14 18:43:49
Domna,51.8971,113.1573,-26.97,74,78,2.24,RU,2022-02-14 18:43:50
Ucluelet,48.9329,-125.5528,45.09,91,43,4.16,CA,2022-02-14 18:41:27
Ierapetra,35.01,25.7353,55.15,60,0,5.01,GR,2022-02-14 18:43:51
Dong Hoi,17.4833,106.6,62.98,90,100,8.61,VN,2022-02-14 18:42:11
Ushtobe,45.2514,77.9838,31.17,87,100,15.99,KZ,2022-02-14 18:43:53
Lucapa,-8.4192,20.7447,65.21,95,82,1.3,AO,2022-02-14 18:43:53
Filimonovo,56.2011,95.4611,-5.37,98,100,4.12,RU,2022-02-14 18:43:54
Maldonado,-34.6667,-54.9167,79.99,38,0,14.23,UY,2022-02-14 18:43:55
Witu,-2.3889,40.4382,78.96,86,15,8.7,KE,2022-02-14 18:43:55
Reinosa,42.9996,-4.138,41.22,88,10,6.98,ES,2022-02-14 18:43:56
Pecos,31.4229,-103.4932,67.3,14,0,5.75,US,2022-02-14 18:43:57
Owase,34.0667,136.2,42.94,77,19,3.44,JP,2022-02-14 18:43:58
San Nicolas,18.1725,120.5953,75.11,78,20,10.36,PH,2022-02-14 18:43:58
Necochea,-38.5473,-58.7368,87.15,29,5,4.09,AR,2022-02-14 18:43:59
Zaozerne,45.1582,33.2787,37.26,69,13,4.76,UA,2022-02-14 18:44:00
Tambopata,-12.7333,-69.1833,85.89,62,75,4.61,PE,2022-02-14 18:42:52
Ukiah,39.1502,-123.2078,69.03,67,0,5.01,US,2022-02-14 18:44:01
Muisne,0.6,-80.0333,77.11,87,79,7.9,EC,2022-02-14 18:44:01
Rockingham,42.9668,-71.0995,23.36,45,100,4.0,US,2022-02-14 18:44:03
Bintulu,3.1667,113.0333,75.61,100,40,8.05,MY,2022-02-14 18:44:03
Lamu,-2.2717,40.902,79.02,86,10,13.02,KE,2022-02-14 18:44:04
Merritt Island,28.5392,-80.672,64.09,48,0,18.41,US,2022-02-14 18:40:15
Nizwa,22.9333,57.5333,63.43,60,0,7.0,OM,2022-02-14 18:45:05
Qarqin,37.4185,66.0436,43.25,67,1,11.01,AF,2022-02-14 18:45:06
Acapulco,16.8634,-99.8901,85.82,66,0,3.44,MX,2022-02-14 18:43:14
Oriximina,-1.7656,-55.8661,80.62,84,100,3.27,BR,2022-02-14 18:45:07
Pilar,-9.5972,-35.9567,85.93,52,92,14.16,BR,2022-02-14 18:45:08
Kudahuvadhoo,2.6708,72.8944,81.16,72,100,3.62,MV,2022-02-14 18:45:08
San Patricio,28.017,-97.5169,69.89,34,0,9.31,US,2022-02-14 18:42:08
Mao,39.8885,4.2658,48.76,93,0,4.61,ES,2022-02-14 18:45:10
Ixtapa,20.7,-105.2,92.77,26,87,8.14,MX,2022-02-14 18:45:10
Batemans Bay,-35.7167,150.1833,67.1,86,0,4.41,AU,2022-02-14 18:45:11
Makungu,-8.7333,35.2833,64.0,94,100,3.53,TZ,2022-02-14 18:45:12
Roebourne,-20.7833,117.1333,91.2,43,4,16.8,AU,2022-02-14 18:45:13
Zaysan,47.4667,84.8667,15.98,91,94,2.01,KZ,2022-02-14 18:45:13
Vardo,70.3705,31.1107,29.95,86,75,12.66,NO,2022-02-14 18:45:14
Porto Velho,-8.7619,-63.9039,77.05,94,75,3.44,BR,2022-02-14 18:45:15
Lazaro Cardenas,17.9583,-102.2,85.23,50,100,9.86,MX,2022-02-14 18:43:04
Cap-Aux-Meules,47.3821,-61.8597,17.65,79,100,26.46,CA,2022-02-14 18:45:17
Andenne,50.4894,5.0951,47.14,83,43,9.69,BE,2022-02-14 18:45:18
Bestobe,52.4994,73.0975,16.0,87,100,17.29,KZ,2022-02-14 18:45:19
Xuzhou,34.1805,117.1571,36.61,50,100,10.09,CN,2022-02-14 18:45:19
South Daytona,29.1658,-81.0045,64.24,40,20,16.11,US,2022-02-14 18:44:20
Melita,49.2681,-100.9967,5.95,88,100,2.82,CA,2022-02-14 18:43:18
Juazeiro,-9.4117,-40.4986,87.98,58,20,6.91,BR,2022-02-14 18:45:21
Alyangula,-13.8483,136.4192,71.47,100,55,0.0,AU,2022-02-14 18:45:22
Matara,5.9485,80.5353,74.34,87,100,4.94,LK,2022-02-14 18:45:22
Arua,3.0201,30.9111,75.51,33,17,3.44,UG,2022-02-14 18:45:23
Leigh,53.4833,-2.5167,45.25,83,96,7.0,GB,2022-02-14 18:45:24
Riyadh,24.6877,46.7219,59.14,19,0,4.81,SA,2022-02-14 18:40:35
Dire,12.2833,-10.9667,86.32,11,0,4.7,ML,2022-02-14 18:45:25
Sumenep,-7.0167,113.8667,76.82,85,96,3.02,ID,2022-02-14 18:45:26
Tynda,55.1667,124.7167,-15.47,97,98,2.44,RU,2022-02-14 18:45:26
Bethalto,38.9092,-90.0407,45.73,56,0,10.36,US,2022-02-14 18:45:27
Ovsyanka,55.9575,92.5519,-0.78,99,100,1.88,RU,2022-02-14 18:45:28
Kisaran,2.9845,99.6158,74.23,98,51,2.93,ID,2022-02-14 18:45:28
Asyut,27.181,31.1837,58.39,45,0,10.56,EG,2022-02-14 18:45:29
Talcahuano,-36.7167,-73.1167,62.53,74,0,8.75,CL,2022-02-14 18:45:19
Kuusamo,65.9667,29.1833,-2.16,84,0,2.3,FI,2022-02-14 18:45:30
Tabou,4.423,-7.3528,78.46,83,77,3.78,CI,2022-02-14 18:45:31
Teya,60.3778,92.6267,-17.14,98,17,4.34,RU,2022-02-14 18:45:31
Saint-Ambroise,48.5501,-71.3324,-1.43,65,100,6.91,CA,2022-02-14 18:45:32
Klaksvik,62.2266,-6.589,34.72,58,99,17.67,FO,2022-02-14 18:45:33
Meulaboh,4.1363,96.1285,76.26,88,100,4.56,ID,2022-02-14 18:45:33
Dunedin,-45.8742,170.5036,58.8,88,87,2.84,NZ,2022-02-14 18:41:25
Kerchevskiy,59.946,56.2884,6.06,99,95,5.53,RU,2022-02-14 18:45:35
Naples,40.8333,14.25,54.14,86,40,5.99,IT,2022-02-14 18:41:04
Donskoye,45.4552,41.9741,30.33,53,100,11.99,RU,2022-02-14 18:45:37
Palana,59.1167,159.9667,-3.91,89,100,8.95,RU,2022-02-14 18:46:37
Lewiston,44.1003,-70.2148,20.95,49,40,17.27,US,2022-02-14 18:42:14
Agara,42.0376,43.8238,30.87,75,100,5.84,GE,2022-02-14 18:46:39
Novyy Urengoy,66.0833,76.6333,-12.5,100,100,7.81,RU,2022-02-14 18:46:39
Boa Vista,2.8197,-60.6733,96.78,32,75,16.11,BR,2022-02-14 18:46:40
North Bend,43.4065,-124.2243,50.23,97,47,1.01,US,2022-02-14 18:46:40
Kurilsk,45.2333,147.8833,24.24,69,87,18.34,RU,2022-02-14 18:46:43
Ambilobe,-13.2,49.05,75.07,92,96,0.92,MG,2022-02-14 18:46:43
Hobyo,5.3505,48.5268,77.16,66,100,20.33,SO,2022-02-14 18:46:44
Calvinia,-31.4707,19.776,80.46,41,100,11.01,ZA,2022-02-14 18:46:45
Campos,-21.75,-41.3,86.05,66,20,16.11,BR,2022-02-14 18:46:45
Bela,25.9333,81.9833,55.18,62,0,3.11,IN,2022-02-14 18:46:46
Piacabucu,-10.4056,-36.4344,84.47,59,100,14.65,BR,2022-02-14 18:46:47
Pangnirtung,66.1451,-65.7125,-31.0,75,0,0.0,CA,2022-02-14 18:46:47
Bodo,67.28,14.405,26.78,95,20,5.75,NO,2022-02-14 18:46:49
Delmas,18.5447,-72.3028,92.12,29,20,4.61,HT,2022-02-14 18:46:50
Sidi Ali,36.0998,0.4206,53.22,86,10,13.87,DZ,2022-02-14 18:46:51
Talnakh,69.4865,88.3972,-10.5,76,57,7.58,RU,2022-02-14 18:46:51
Abalak,58.1286,68.5944,-11.16,100,91,4.21,RU,2022-02-14 18:46:52
Laksham,23.2472,91.1425,60.12,54,0,5.21,BD,2022-02-14 18:46:53
Cooma,-36.2333,149.1333,51.57,93,0,0.0,AU,2022-02-14 18:46:53
Vila,42.0304,-8.1588,43.32,89,18,2.59,PT,2022-02-14 18:46:54
Villa Carlos Paz,-31.4241,-64.4978,84.06,10,0,5.99,AR,2022-02-14 18:46:55
Cairns,-16.9167,145.7667,76.95,93,75,10.36,AU,2022-02-14 18:46:56
Kumluca,36.3703,30.2869,54.68,66,3,5.5,TR,2022-02-14 18:46:56
Tekeli,44.83,78.8239,23.79,89,100,5.84,KZ,2022-02-14 18:46:57
Leninskoye,41.7589,69.3864,31.93,92,64,2.95,KZ,2022-02-14 18:46:58
Bronnoysund,65.4625,12.1997,26.71,80,0,8.05,NO,2022-02-14 18:46:58
Mason City,43.1536,-93.201,19.67,68,20,11.5,US,2022-02-14 18:43:59
Nizhneudinsk,54.9076,99.0276,-13.68,99,98,4.05,RU,2022-02-14 18:47:00
Chase,50.8165,-119.6857,37.15,96,100,0.76,CA,2022-02-14 18:43:12
Rawson,-43.3002,-65.1023,65.3,49,100,8.61,AR,2022-02-14 18:47:01
Port-Gentil,-0.7193,8.7815,80.56,83,20,8.05,GA,2022-02-14 18:47:01
Olavarria,-36.8927,-60.3225,85.01,36,6,9.57,AR,2022-02-14 18:47:02
Merauke,-8.4667,140.3333,77.54,85,74,9.73,ID,2022-02-14 18:47:03
Damghan,36.1683,54.348,39.79,54,65,3.53,IR,2022-02-14 18:47:03
Taketa,32.9652,131.3785,38.17,82,8,5.79,JP,2022-02-14 18:47:04
Whitecourt,54.1502,-115.6855,22.24,79,100,8.05,CA,2022-02-14 18:47:05
Tsiroanomandidy,-18.7667,46.0333,68.38,96,100,3.06,MG,2022-02-14 18:47:05
Warrington,53.3925,-2.5802,45.45,82,75,20.71,GB,2022-02-14 18:47:06
Kieta,-6.2167,155.6333,78.82,86,100,7.0,PG,2022-02-14 18:47:07
Chokwe,-24.5333,32.9833,78.03,75,55,8.61,MZ,2022-02-14 18:47:07
Namibe,-15.1961,12.1522,77.11,82,100,4.61,AO,2022-02-14 18:47:08
Corn Island,12.1694,-83.0418,79.84,75,10,25.05,NI,2022-02-14 18:47:09
Mayumba,-3.432,10.6554,77.68,82,100,2.59,GA,2022-02-14 18:47:10
Secunda,-26.55,29.1667,65.32,90,35,5.01,ZA,2022-02-14 18:47:10
Mitsamiouli,-11.3847,43.2844,80.89,89,40,3.44,KM,2022-02-14 18:47:11
Ilave,-16.0833,-69.6667,56.46,55,43,8.46,PE,2022-02-14 18:47:12
Pimentel,-6.8367,-79.9342,79.09,61,0,10.36,PE,2022-02-14 18:48:13
Bandar-E Anzali,37.4727,49.4622,44.71,85,96,2.8,IR,2022-02-14 18:48:13
Makaha,21.4694,-158.2175,75.65,88,0,3.44,US,2022-02-14 18:47:26
Tautira,-17.7333,-149.15,84.22,76,76,17.92,PF,2022-02-14 18:48:14
Champerico,14.3,-91.9167,90.77,59,6,11.45,GT,2022-02-14 18:43:22
Porbandar,21.6422,69.6093,68.67,64,0,9.08,IN,2022-02-14 18:48:15
Amapa,1.0,-52.0,74.93,97,100,3.22,BR,2022-02-14 18:48:16
Caravelas,-17.7125,-39.2481,83.59,66,0,9.64,BR,2022-02-14 18:48:17
Suffolk,40.8668,-72.7996,25.36,47,0,19.57,US,2022-02-14 18:48:18
Huarmey,-10.0681,-78.1522,77.4,68,27,12.82,PE,2022-02-14 18:48:19
Murray Bridge,-35.1167,139.2667,68.68,88,40,6.6,AU,2022-02-14 18:48:19
Nosy Varika,-20.5833,48.5333,76.33,90,11,2.21,MG,2022-02-14 18:48:20
Novovyazniki,56.1975,42.1711,26.11,93,100,8.88,RU,2022-02-14 18:48:21
Sioux Lookout,50.1001,-91.917,-0.02,71,75,8.05,CA,2022-02-14 18:48:21
Henties Bay,-22.116,14.2845,75.85,81,17,2.57,NA,2022-02-14 18:48:22
Olga,43.7444,135.2892,23.88,93,100,2.06,RU,2022-02-14 18:48:23
Sandwick,60.0,-1.25,35.42,80,20,13.8,GB,2022-02-14 18:48:23
Kishapu,-3.6167,33.8667,66.79,84,100,4.94,TZ,2022-02-14 18:48:24
Vostok,46.4856,135.8833,9.03,95,100,3.76,RU,2022-02-14 18:48:25
Nabire,-3.3667,135.4833,75.04,92,100,3.78,ID,2022-02-14 18:48:25
Yarada,17.65,83.2667,70.12,83,20,2.3,IN,2022-02-14 18:48:26
Kapoeta,4.7717,33.5903,89.46,23,11,4.47,SS,2022-02-14 18:48:27
Galiakot,23.5167,74.0,68.56,33,3,2.46,IN,2022-02-14 18:48:27
Chivay,-15.6383,-71.6011,56.28,58,100,7.29,PE,2022-02-14 18:48:28
Dajal,29.5577,70.3762,62.26,34,0,7.85,PK,2022-02-14 18:48:29
Saint-Francois,46.4154,3.9054,44.67,86,75,4.61,FR,2022-02-14 18:48:29
Cirie,45.2351,7.5988,39.81,81,75,6.91,IT,2022-02-14 18:48:30
Palatka,29.6486,-81.6376,62.04,33,0,6.2,US,2022-02-14 18:47:28
Berlevag,70.8578,29.0864,33.75,75,75,48.34,NO,2022-02-14 18:48:31
Zhezkazgan,47.8043,67.7144,14.95,85,89,17.67,KZ,2022-02-14 18:48:32
Vredendal,-31.6683,18.5012,79.66,50,98,0.34,ZA,2022-02-14 18:48:32
Kabalo,-6.05,26.9167,70.79,94,45,2.35,CD,2022-02-14 18:48:33
San Vicente,-26.6167,-54.1333,91.94,18,20,5.32,AR,2022-02-14 18:48:34
Marabba,12.35,32.1833,81.21,16,1,13.04,SD,2022-02-14 18:48:34
Opuwo,-18.0607,13.84,68.77,87,100,4.14,NA,2022-02-14 18:48:35
Talara,-4.5772,-81.2719,84.96,51,0,18.41,PE,2022-02-14 18:48:36
Kampene,-3.6,26.6667,67.87,99,74,2.17,CD,2022-02-14 18:48:36
Manakara,-22.1333,48.0167,75.87,92,7,4.9,MG,2022-02-14 18:48:37
Lleida,41.6167,0.6167,55.89,58,0,24.16,ES,2022-02-14 18:48:38
Katherine,-14.4667,132.2667,79.12,78,100,0.0,AU,2022-02-14 18:48:39
Sharjah,25.3573,55.4033,73.38,58,0,8.05,AE,2022-02-14 18:48:02
Naryan-Mar,67.6713,53.087,9.19,89,100,18.1,RU,2022-02-14 18:48:40
Tawau,4.2498,117.8871,77.13,88,34,3.0,MY,2022-02-14 18:48:40
Potosi,-19.5836,-65.7531,57.74,49,95,9.78,BO,2022-02-14 18:47:12
Vierzon,47.2101,2.0625,46.78,93,32,8.9,FR,2022-02-14 18:48:41
Phangnga,8.4509,98.5298,80.64,95,79,3.4,TH,2022-02-14 18:48:42
Waingapu,-9.6567,120.2641,78.62,85,2,7.63,ID,2022-02-14 18:48:43
Abu Dhabi,24.4667,54.3667,68.11,73,0,4.61,AE,2022-02-14 18:48:43
Bilibino,68.0546,166.4372,-30.24,100,70,2.55,RU,2022-02-14 18:48:44
Bom Jesus,-9.0744,-44.3586,87.35,56,61,4.14,BR,2022-02-14 18:49:45
Lethem,3.3803,-59.7968,93.25,49,75,13.8,GY,2022-02-14 18:49:45
Vestmannaeyjar,63.4427,-20.2734,38.39,87,40,61.0,IS,2022-02-14 18:49:47
San Juan,-31.5375,-68.5364,94.98,13,5,10.85,AR,2022-02-14 18:49:47
Tazmalt,36.3868,4.3989,52.59,63,61,3.91,DZ,2022-02-14 18:49:48
Mount Isa,-20.7333,139.5,76.77,47,100,8.05,AU,2022-02-14 18:49:49
Chadiza,-14.0678,32.4392,64.99,99,100,3.98,ZM,2022-02-14 18:49:49
Iberia,29.9502,-91.7507,66.06,27,0,4.61,US,2022-02-14 18:49:50
Auki,-8.7676,160.7034,77.05,88,98,4.43,SB,2022-02-14 18:49:51
Taicheng,38.731,113.228,17.85,62,47,1.9,CN,2022-02-14 18:49:52
Salcedo,12.8105,121.4674,73.92,84,86,6.44,PH,2022-02-14 18:49:52
Wanning,18.8003,110.3967,67.3,91,100,7.87,CN,2022-02-14 18:49:53
Amarwara,22.3,79.1667,61.18,37,0,2.53,IN,2022-02-14 18:49:54
Halifax,44.6453,-63.5724,23.49,87,100,15.01,CA,2022-02-14 18:44:57
Kurumkan,54.3,110.3,-16.04,87,23,3.74,RU,2022-02-14 18:49:55
Itoman,26.1247,127.6694,62.62,66,100,11.5,JP,2022-02-14 18:49:56
Belyy Yar,53.6039,91.3903,-11.15,63,99,0.0,RU,2022-02-14 18:49:56
Vila Do Maio,15.1333,-23.2167,75.99,75,100,16.8,CV,2022-02-14 18:49:57
Ilulissat,69.2167,-51.1,3.22,60,75,9.22,GL,2022-02-14 18:49:57
Watertown,42.3709,-71.1828,24.3,47,40,17.27,US,2022-02-14 18:49:58
Darovskoy,58.77,47.9564,14.85,99,98,3.67,RU,2022-02-14 18:49:59
Asfi,32.2994,-9.2372,59.36,75,90,14.41,MA,2022-02-14 18:49:59
Tavatuy,57.0703,60.1336,-0.78,100,95,3.58,RU,2022-02-14 18:50:00
Deniliquin,-35.5333,144.9667,66.99,38,89,4.5,AU,2022-02-14 18:50:01
Khandbari,27.3747,87.2039,51.96,71,30,3.49,NP,2022-02-14 18:50:02
Arnedo,42.2167,-2.1,45.82,67,38,15.95,ES,2022-02-14 18:50:02
Ikere,7.4913,5.2322,83.61,18,2,3.38,NG,2022-02-14 18:50:03
Jieshi,22.8134,115.8257,61.95,82,18,16.42,CN,2022-02-14 18:50:04
Ales,44.1333,4.0833,46.26,86,94,2.44,FR,2022-02-14 18:50:05
Constitucion,-35.3333,-72.4167,67.33,67,7,10.27,CL,2022-02-14 18:50:05
Kendal,54.3268,-2.7476,44.19,90,80,15.46,GB,2022-02-14 18:50:06
Zyryanka,65.75,150.85,-34.53,99,9,6.38,RU,2022-02-14 18:50:07
Westport,41.1415,-73.3579,26.29,41,0,21.85,US,2022-02-14 18:50:07
Cabedelo,-6.9811,-34.8339,88.47,63,100,12.15,BR,2022-02-14 18:50:08
Skjervoy,70.0311,20.9714,32.18,53,100,23.49,NO,2022-02-14 18:50:09
Annau,37.8876,58.516,33.3,100,75,4.61,TM,2022-02-14 18:50:09
Ambon,-3.6954,128.1814,77.14,88,40,9.22,ID,2022-02-14 18:50:10
Grand Gaube,-20.0064,57.6608,82.38,78,83,8.99,MU,2022-02-14 18:50:11
Kihei,20.785,-156.4656,73.85,73,20,0.0,US,2022-02-14 18:50:12
Karachi,24.9056,67.0822,67.82,60,0,3.44,PK,2022-02-14 18:45:40
Kumo,10.0447,11.2122,81.39,12,62,2.68,NG,2022-02-14 18:50:13
Sept-Iles,50.2001,-66.3821,6.06,56,75,5.75,CA,2022-02-14 18:49:40
Lloydminster,53.2835,-110.0016,13.68,85,100,11.5,CA,2022-02-14 18:45:55
Viramgam,23.1225,72.0484,70.03,29,0,8.93,IN,2022-02-14 18:50:14
Pervomayskoye,43.919,46.7102,38.79,67,100,12.03,RU,2022-02-14 18:50:15
Nogales,31.3086,-110.9422,74.32,9,0,2.39,MX,2022-02-14 18:50:16
Kigorobya,1.6162,31.3089,75.54,47,90,2.57,UG,2022-02-14 18:50:16
Jequie,-13.8575,-40.0836,81.03,82,98,5.28,BR,2022-02-14 18:51:17
Samarai,-10.6167,150.6667,82.18,74,100,8.3,PG,2022-02-14 18:48:41
Suba,10.8438,121.0102,80.42,80,100,17.31,PH,2022-02-14 18:51:19
Usinsk,65.9939,57.5281,3.78,96,55,11.92,RU,2022-02-14 18:51:19
Liwale,-9.7667,37.9333,71.46,87,100,6.67,TZ,2022-02-14 18:51:20
Sokolo,14.7328,-6.1219,78.75,13,3,9.57,ML,2022-02-14 18:51:21
Great Yarmouth,52.6083,1.7305,42.94,91,100,16.55,GB,2022-02-14 18:51:21
Saint Pete Beach,27.7253,-82.7412,66.16,33,0,12.66,US,2022-02-14 18:51:22
Kahului,20.8947,-156.47,74.84,72,20,7.0,US,2022-02-14 18:51:23
Tomohon,1.3346,124.8392,65.34,94,100,0.74,ID,2022-02-14 18:51:24
Boguchany,58.3814,97.4531,-17.37,99,31,4.52,RU,2022-02-14 18:51:25
Worcester,42.3334,-71.8328,21.22,47,20,21.85,US,2022-02-14 18:51:26
Santa Rosa De Aguan,15.95,-85.7167,75.22,82,88,5.75,HN,2022-02-14 18:51:26
Nuqui,5.7125,-77.2708,86.7,82,100,5.48,CO,2022-02-14 18:51:27
Paramirim,-13.4425,-42.2389,80.37,71,94,3.38,BR,2022-02-14 18:49:19
Usolye-Sibirskoye,52.7519,103.6453,-22.67,100,28,3.13,RU,2022-02-14 18:51:28
Manzanillo,20.3433,-77.1167,82.54,59,100,13.09,CU,2022-02-14 18:50:18
Centralia,46.7162,-122.9543,46.9,94,100,9.22,US,2022-02-14 18:51:29
Talaya,61.3833,152.75,-39.39,100,100,0.96,RU,2022-02-14 18:51:30
La Rioja,42.25,-2.5,38.98,85,25,8.32,ES,2022-02-14 18:51:31
Buala,-8.145,159.5921,79.2,86,99,7.78,SB,2022-02-14 18:51:31
Ibra,22.6906,58.5334,64.2,59,1,3.04,OM,2022-02-14 18:51:32
Kushmurun,52.4503,64.6311,9.79,95,82,8.84,KZ,2022-02-14 18:51:32
Sri Aman,1.2376,111.4621,73.45,94,100,0.0,MY,2022-02-14 18:51:33
Mercedes,-34.6515,-59.4307,88.03,16,0,7.94,AR,2022-02-14 18:51:34
Saraland,30.8207,-88.0706,63.55,33,100,4.59,US,2022-02-14 18:51:34
Kuala Terengganu,5.3302,103.1408,80.55,89,40,5.01,MY,2022-02-14 18:51:35
Benicarlo,40.4165,0.4271,57.25,47,98,13.67,ES,2022-02-14 18:51:36
Havoysund,70.9963,24.6622,31.08,58,100,30.18,NO,2022-02-14 18:51:36
Khash,28.2211,61.2158,45.41,45,6,6.6,IR,2022-02-14 18:51:38
Arona,28.0996,-16.681,61.83,80,75,16.11,ES,2022-02-14 18:51:38
Urumqi,43.801,87.6005,13.15,86,75,4.47,CN,2022-02-14 18:51:40
Palu,-0.8917,119.8707,76.14,95,97,1.97,ID,2022-02-14 18:51:40
Korem,12.5058,39.5228,56.48,67,0,5.12,ET,2022-02-14 18:51:41
Abnub,27.2696,31.1511,59.22,46,0,10.27,EG,2022-02-14 18:51:42
Noumea,-22.2763,166.4572,82.0,99,38,9.13,NC,2022-02-14 18:51:42
Pingliang,35.5392,106.6861,23.09,87,5,6.2,CN,2022-02-14 18:51:43
Jizan,17.3333,42.6667,81.54,67,4,4.72,SA,2022-02-14 18:51:44
Thinadhoo,0.5333,72.9333,82.11,73,100,10.04,MV,2022-02-14 18:51:45
Natal,-5.795,-35.2094,88.45,70,40,20.71,BR,2022-02-14 18:49:36
Yara,20.2753,-76.9533,84.31,51,100,11.74,CU,2022-02-14 18:51:46
Jijiga,9.35,42.8,62.19,58,26,8.75,ET,2022-02-14 18:51:46
Winnemucca,40.973,-117.7357,54.1,28,0,18.41,US,2022-02-14 18:51:47
Saint-Marc-Des-Carrieres,46.6834,-72.0491,10.47,43,100,6.91,CA,2022-02-14 18:51:48
Shetpe,44.1667,52.1167,31.68,64,11,2.42,KZ,2022-02-14 18:51:49
Molteno,-31.3968,26.3625,62.94,78,87,8.99,ZA,2022-02-14 18:52:49
Ust-Kuyga,70.0167,135.6,-34.71,99,93,4.97,RU,2022-02-14 18:52:51
Bad Berleburg,51.05,8.4,43.61,90,100,7.92,DE,2022-02-14 18:52:51
Selishche,56.8879,33.2691,27.28,87,100,11.14,RU,2022-02-14 18:52:52
Freeport,40.6576,-73.5832,27.18,44,0,17.27,US,2022-02-14 18:51:45
Tomakomai,42.6369,141.6033,19.54,86,75,8.05,JP,2022-02-14 18:52:53
Kilrush,52.6397,-9.4833,44.35,85,97,15.7,IE,2022-02-14 18:52:54
Oron,4.8256,8.2343,81.9,76,14,8.55,NG,2022-02-14 18:52:54
Qena,26.1615,32.7183,64.51,27,0,9.37,EG,2022-02-14 18:52:55
Naliya,23.2667,68.8333,66.27,68,0,5.55,IN,2022-02-14 18:52:56
Synya,65.3718,58.0387,8.35,92,73,9.51,RU,2022-02-14 18:52:57
Hearst,49.6835,-83.6665,5.25,72,100,8.25,CA,2022-02-14 18:48:44
Landerneau,48.4525,-4.2525,48.78,79,75,14.97,FR,2022-02-14 18:49:42
Ormara,25.2088,64.6357,70.45,73,0,8.59,PK,2022-02-14 18:52:58
